"","Cemex","GCC","Cementos Moctezuma","CETES28","ICA"
"1",26.1170642620418,52.2691242762259,27.9860430130945,7.01530834656092,40.2810658899485
"2",27.2589356037959,52.2700973856924,28.0840998872004,7.0253703850803,40.4796351654576
"3",27.2844991375389,52.8206085733731,28.2531369250446,7.05533823037158,40.7016618187194
"4",28.4266177686914,53.8201205168169,29.5872215748216,7.065288247247,41.0925696005594
"5",28.1890617328619,53.3204258822053,31.0124910539072,7.05529673231182,40.2823846596772
"6",28.5912782737429,54.3197320068513,32.6924983614055,7.05532547413614,41.1280610399787
"7",28.8085691513651,55.3180387873745,31.9089023622418,7.03545107039997,43.3193547519862
"8",25.9767086530299,52.3201259058151,30.062346228953,7.03559751367205,39.7735354196188
"9",27.0631159759107,52.1226473032739,31.3821495998472,7.05568887624817,40.1188193384443
"10",25.9985782563575,52.125365420433,31.465839503731,7.05580199529438,39.7114643185957
"11",27.0543638220838,54.3156646435224,31.178704245758,7.0559373034218,43.0465994227879
"12",25.9278498722522,57.3225659236471,31.5748619941948,7.04613356198125,42.5995795850526
"13",25.7657668315881,58.3184705446668,31.9822089981364,7.03639152154161,44.3246973620022
"14",27.2733193109734,58.0648702081437,31.8010623226884,7.02671216864034,44.2838450989788
"15",27.0552655330897,59.3099699661293,31.8006826881879,7.00713497343639,45.2860927294
"16",25.5679124591855,59.2553208749895,31.9786129659818,7.00758506513926,43.9049396176517
"17",27.0485393509511,62.2972152613248,32.1920101143134,7.00806416507426,41.4927558166421
"18",27.2712813867581,63.2880991716261,33.1748205527588,7.25761800850429,43.6332905236143
"19",27.6844037870937,63.6686963811663,33.8449343526384,7.24723923003471,46.0595750801667
"20",28.0845777086895,69.2527748053273,33.0380644533682,7.23692638106968,46.3523371146376
"21",31.0636008449426,78.5358928230948,32.1983877230607,7.24660177739328,48.2975488467503
"22",31.2032250460253,78.6090440613595,32.2341259546747,7.22637890923524,47.9638444323302
"23",32.1978609916817,81.1792243632993,33.3118660793387,7.21621868038122,50.1083043708804
"24",30.5723737987608,80.3504797087162,34.057787169325,7.20612047805389,53.6158419995801
"25",29.182805531172,79.1232702650736,34.7043832138621,7.18612217056951,54.7219876137412
"26",29.3811135224513,80.0949497520111,35.8768579511065,7.19610903276077,60.3257288644666
"27",29.3459417359241,83.0631109980005,37.397058152828,7.18615750214369,62.8024038733831
"28",27.6111102547708,82.7316793984306,37.0656794362561,7.18622952020394,71.241655780667
"29",26.1428977889388,82.5904085622001,36.6860572150109,7.1962871184865,64.7806764516906
"30",25.5160549466739,80.471645633749,35.1603365271714,7.19636876114957,70.6163271444425
"31",25.8621917973639,79.4440696600575,34.1990264797314,7.19647476042639,69.7800608046006
"32",24.5190930773388,78.9170659089482,34.0525421190373,7.19660552169932,60.3871200691815
"33",25.6929548570318,71.7186009886462,33.7727848937834,7.2166850572901,61.6005066469056
"34",26.0431151802185,67.87465758662,33.4907731961054,7.20682840301384,60.7472158465978
"35",25.4928848177311,71.7659758479191,33.3229336758602,7.23688313156002,63.3315634503109
"36",23.7408570650194,71.7472186058243,32.8301849829226,7.21704067163207,64.6426214016753
"37",23.5371675731912,68.1326768099672,32.7066954801787,7.20726338184429,65.4738597988808
"38",24.0610352463397,66.7197111737367,32.6062622021976,7.22743738228682,65.9141405947341
"39",26.0572963898445,65.3083133620876,32.8496984912126,7.1977545578051,69.5713932065661
"40",26.2436232784041,66.2756316679057,34.8831629741271,7.19810138976122,71.2255840738295
"41",23.7999176530612,64.78459870378,35.6870729065065,7.21840271681508,71.8949876010573
"42",23.8658597469897,59.6495694078675,34.6394994116137,7.20877442299837,74.4070281083924
"43",22.770645596353,59.4646232832355,34.0214713812072,7.20917968597973,71.7325619775872
"44",21.6308768375495,59.6093629620217,33.0690696903254,7.45866395864088,71.4442368712555
"45",20.9147418087147,57.6363189906427,32.1550909513438,7.43825785340162,70.0744550759821
"46",20.7416704165811,57.0138755450058,31.8362951662624,7.41795981715795,66.9213178584143
"47",22.7344503748035,54.9737280625858,29.9845998146393,7.4675010029433,64.6299368339289
"48",22.8403426319669,62.8440204730907,28.2718438679615,7.44714736323442,73.1470018086824
"49",20.8881107896598,68.6971518182261,27.8452134789767,7.44682105781576,70.7352238122309
"50",20.4947940372522,67.2118859247329,27.3026002110424,7.43655908264884,72.3357007168173
"51",21.1469531439405,68.6547113863561,26.691813604626,7.44628394807888,72.9597600706672
"52",20.0999281134361,66.1103867305569,24.9074623854738,7.44603284576457,71.463571009529
"53",20.1456543263379,63.0794880016859,22.0508309936532,7.43584305927328,71.7083705325175
"54",18.3129948130089,62.6289242232262,22.933263774469,7.42571386278783,66.8629898857382
"55",19.5351207892356,61.6593103283558,22.9104120906367,7.41564476221074,68.7397919617789
"56",21.8580299405845,62.1289192586163,24.4233131320088,7.39567373715462,71.3688585797613
"57",20.6090750296268,62.1283066183314,26.5846139863377,7.43557143515064,66.0725405673896
"58",20.5840544998783,62.4271074863412,26.9432399471479,7.42552868435646,66.7486080158595
"59",21.6570537904702,61.3669405502586,26.4611507585572,7.44543058963632,65.9393167960175
"60",21.4936132799568,59.9981698044754,25.2542715218488,7.43539150747809,64.4130820114906
"61",19.99199723482,59.3699051383205,25.1550598744766,7.42541128841644,64.5927474562288
"62",20.5864838653886,57.8931572158968,25.5861065064466,7.42545176422129,61.4314138781914
"63",19.6289688988112,57.5765351870442,25.194991373865,7.4553983580477,59.8562825990206
"64",20.3078266263664,56.5109313203312,25.5925852968198,7.43544208504996,62.3693801178919
"65",20.3660686960887,58.5626132144037,26.1160799534432,7.43550662469701,64.1700777721024
"66",20.1055898432647,57.5552335975591,26.9175410646252,7.44555397993345,64.5908800207659
"67",20.5902710116365,52.3538071223425,27.8769783901254,7.46554608798403,67.2771334481823
"68",21.5150175498543,53.4607901431297,27.5668323517434,7.44563589418706,65.5019951064974
"69",21.4102448059256,52.9481173649558,27.2159048851726,7.44574725423622,63.2020970151444
"70",22.911660038445,55.5320822720194,27.5301519739839,7.43591883789558,61.819863987038
"71",24.285750197724,57.0139967769215,27.5662092665709,7.43611305748759,64.7828444558766
"72",24.2023136581514,56.9656850429721,27.6221758376188,7.44629241190329,67.9995669095508
"73",22.3513489654781,57.7261740302152,27.9955635799508,7.44649583094358,69.0821805535773
"74",22.0275417687444,56.7675138438411,27.9963402842064,7.44672409256182,69.6533413171573
"75",20.1958329995549,55.9994718733392,27.5648095207319,7.45693982583895,66.9261159139642
"76",18.7442442678173,55.5017203446891,26.0438283064331,7.47710561194267,66.8400464248184
"77",19.2323110877912,55.4736927349824,24.3978988869505,7.56695437774306,63.9367198911909
"78",18.2445463620974,55.3854559164459,24.9186911911281,7.74614134994144,61.5652195858634
"79",17.3748353276561,53.9685943864546,24.439880121193,7.75531356516482,63.2056709159747
"80",17.4272626418261,53.9514304023832,24.393078602687,7.76446785764303,66.0202347605229
"81",16.7938776462569,52.9451428076316,24.7989883382117,8.02264489606121,63.1608311142416
"82",15.3752588173208,49.2629303548565,23.4305355314817,8.01087029346821,52.5175832618804
"83",16.4388233156996,51.4377872185616,24.3753168118121,8.08879306817474,46.7734502183211
"84",16.7982616452141,50.2437385730706,24.1044839402903,8.10663473934558,50.6547559356667
"85",15.8882386077487,41.4598643593562,24.0365640280666,8.17419583329362,47.7514015687886
"86",15.7087338996415,44.1624336779134,23.7319553997191,8.20161999821599,46.433366232014
"87",16.0719631286263,43.8650344214973,24.1316823952044,8.19901211476006,45.4065132475845
"88",14.986541949774,43.8573215801223,23.2922720101166,8.16647694100776,42.7439902094805
"89",15.6864405638715,43.469750765093,23.8712053382395,8.15392829371091,38.264754967477
"90",14.7074737502983,43.4713758418476,23.1431900704261,8.14135642585337,32.7412393494112
"91",11.8009074215304,43.4736431603183,22.8686075152448,8.12875150161453,28.7914026102945
"92",6.81807470185511,35.4746810564767,18.0340856311046,8.0961800465135,14.2285051251094
"93",7.14441528535925,36.4941958341291,19.4191873788299,7.96401466510868,18.2644381168197
"94",6.08264043090176,33.0075836352785,16.5717205500989,7.77247653942169,14.775349589906
"95",7.22715318712029,33.5100830649727,20.1874638494839,7.55167451870323,18.1777658090365
"96",6.63913460545123,32.533470756701,21.1128480995374,7.19214095003555,19.3168341438611
"97",5.15153510323448,30.8486031435887,17.9588043194655,7.07295976411191,17.4081462393167
"98",4.44849996645286,29.5450348199179,20.2782427808761,7.05375165359459,15.4160769020499
"99",7.19648453027912,27.6834446974948,20.2359813826581,7.69199555089318,18.9325887455369
"100",7.55877019629537,24.6053014676731,21.1830073290339,7.78974990951207,19.0967131829768
"101",8.63204787431566,25.6257175810566,23.4884126984306,7.99658545856678,21.9448509396425
"102",9.21899164464159,25.635912979696,22.9154297019405,8.00325497357001,23.0380387143261
"103",9.06713999773605,25.6658761618764,22.292586832028,7.98982220521497,23.322573386836
"104",10.3920485141763,29.6808509423082,21.8603781662842,7.9663122691436,23.8413993185324
"105",10.7721010367134,29.5957478075653,21.6692319735432,7.92278822975858,23.7927143688614
"106",10.2094870330023,28.2121294899896,20.805600212048,7.85931309752605,23.9884369302768
"107",9.01210099728788,28.7277348606102,19.1812533038146,7.64644724039268,24.1216367675214
"108",8.58118307761324,28.7431712082344,18.2566978065936,7.38437091760905,23.704364021579
"109",9.33701740374225,28.7584479909472,19.8147078869407,7.25257901807062,25.8025390745749
"110",9.1883851094805,28.274172114861,19.7000978998371,7.10114117661838,25.2623186987599
"111",7.06677194578424,27.290950583366,20.407248209053,7.00982243110845,24.9381142826527
"112",6.44826249030923,27.247669927118,20.8821380632854,6.93854125038623,22.3755669208014
"113",5.26899316154343,26.7249140043979,20.1208397818028,7.17610717443809,19.5445575404924
"114",6.72757797020225,26.7420478243462,20.0566564507294,7.18339050365425,20.6779943230279
"115",5.76267279025509,27.2584843168532,19.8858296638496,7.11068679947191,20.2820365308442
"116",7.25552166634263,28.4733971347747,20.4444141074549,7.10771801471691,23.6696283043679
"117",7.90661099017732,28.4882299244689,20.1698829821251,6.44699689168749,24.9275166910923
"118",7.84472309015988,28.502991744679,20.5215505274587,6.27664672240714,24.6217377299269
"119",8.74198102920246,27.9184086675557,20.5393566748285,6.16643670441236,26.6429553956555
"120",8.48313852442561,29.4319801890893,23.5747258073722,5.98663374167319,26.773207155303
"121",8.11691723303534,29.9449102074083,23.3842260416677,5.76739156325675,25.0305581771532
"122",10.1769536498685,28.2598359961884,23.2655229560518,5.66825414080626,27.6829347344255
"123",9.28723949356325,28.6343041655951,24.0684165819307,5.46960721195341,25.5726382357513
"124",9.87843310861719,28.66872999672,24.905506011365,5.29137946360718,25.8539547130003
"125",10.5412730510628,29.9516284172932,26.0168471393914,5.11357767354553,25.7511242098935
"126",11.2041129935083,32.751191173877,26.8286084137522,5.02586605365576,25.7785983835585
"127",12.3421173733389,32.2513688702602,26.0577187427579,5.01794740455095,23.6024665695815
"128",10.3287649433256,32.7809365610274,25.1870611453889,5.03971495448435,23.8056297199798
"129",10.3184593257595,32.7705455891411,25.0537853622443,4.95159614593325,23.0272808979196
"130",9.46379541075446,35.0474650044599,24.7952834239493,4.66436305090457,22.8210136868628
"131",8.82093959354606,34.055607752244,25.9746161334508,4.66691717859515,20.5844520616126
"132",9.6881760912163,36.5607955714505,27.8107821417341,4.59953600414063,22.3047678973443
"133",10.5329723226803,37.0654226486605,28.0136428062859,4.50234427458614,24.4168434428933
"134",10.2213051680583,36.0213443367931,27.8961840408734,4.47508502268716,24.1993861544985
"135",11.5600285117649,36.5566755849267,27.3454065456616,4.46769224236776,25.4226306048152
"136",11.4111407746784,37.0814317366713,25.4501486196037,4.46017590464762,25.4491597302873
"137",13.4893981044625,36.5468826334949,25.9950676183734,4.45254550801497,26.9001433859967
"138",14.345568792605,37.0917406632937,26.1641655404605,4.44481011475249,28.4110520967834
"139",13.6532781808513,37.0766781882714,26.922456830162,4.43697838559504,27.8944225208424
"140",13.7348418036148,40.0980650688331,26.705517292389,4.43902036897156,29.8974383944536
"141",15.2807349947766,40.0995123436506,27.3454142747936,4.44094387421879,31.0487248443835
"142",14.5347427157511,38.602813489152,26.7056043861164,4.46267976980703,31.4405918762166
"143",13.6231856195373,38.5961892529974,26.9231947190005,4.47427293835459,31.2070095069218
"144",14.3153492411392,38.5097372527548,27.788418454003,4.48572947275615,33.6787033636928
"145",14.2836243028216,37.9140690771505,27.8464441661021,4.48709318724446,33.9543241468968
"146",13.5811633457538,38.118231039635,28.0553465776245,4.48836929719284,33.8723069061017
"147",11.3550257805064,38.1124766780939,28.1491275716847,4.48956268294087,28.9825664020214
"148",12.1015921219387,40.1243944386422,28.4111532144382,4.50063966457864,29.3495089910195
"149",12.3428259477567,40.1263882906597,28.9192577157561,4.50164260478187,30.4484113811559
"150",11.8383570744299,40.1284594035131,31.0203669541747,4.50257533918302,31.4829577542454
"151",11.4857374500337,42.1282187970197,32.77995429005,4.48351792268046,31.3442636109707
"152",12.0094897722561,42.0181886255112,32.6419839971633,4.47443571619915,32.2786999464091
"153",11.9402705025687,42.0282253695536,32.9496402845145,4.49521749809748,31.7343741466419
"154",12.1860366289779,42.5776836522388,32.5874537360191,4.46605747761299,29.4008857900228
"155",12.6953525874323,43.3762645094079,32.3179546461504,4.496729403873,31.485931031687
"156",12.7727232364881,44.1240270564387,30.3968496618705,4.48738882210441,30.4584166647274
"157",12.8921483052741,46.1194762619728,30.570951911637,4.4979617664183,32.2371499972444
"158",12.2376223003843,45.1161952818908,32.3490243329895,4.48852691573613,31.7083474917352
"159",11.2457668096249,46.0119110252707,35.9774850920585,4.48904818752813,31.8281606921687
"160",10.0476646340714,46.1075772149854,35.7507006776239,4.47956581921993,31.8656295331623
"161",10.0980752385185,45.9035497176827,34.731489598119,4.47008179043596,30.921572996495
"162",10.0801551550268,46.0893598671397,32.2129991508075,4.46059807445035,31.5751363903918
"163",10.2473533084473,46.0852321921498,30.7939410577851,4.48100191409336,30.4942324963099
"164",10.0660087106298,45.8913911952391,31.1923705488804,4.48137134156456,28.331557986372
"165",10.5222263914513,46.0773802839546,33.7217404058818,4.48170776969795,30.6356509370009
"166",10.7496693799183,45.8836511703882,33.9767718024734,4.48201248512523,31.2421982079119
"167",10.9752354587647,46.0697473336882,33.6728416018814,4.40259260423682,31.3385593960083
"168",10.3471110644647,45.9660129955816,33.0434062932666,4.4230679068328,31.3811854637848
"169",10.4441881981887,45.9523382447365,33.5160385088242,4.4534019667747,31.5585115189623
"170",10.8528197669777,45.9586968958931,33.619133593818,4.44374903715752,32.3962231546053
"171",10.765608488357,45.9550986454493,33.3727240321589,4.42414868919312,32.2950050841636
"172",12.0496282380203,45.4021985674186,31.1819600574292,4.40460245130595,32.6025662095682
"173",12.0377822495185,44.8400066207425,30.7311383983206,4.45484435169807,32.4263474372435
"174",10.9032356882976,43.0400031681854,30.3968526344467,4.44510477877071,31.3201169359484
"175",11.3744970237947,44.9377656962801,30.216087321478,4.48519350909782,30.9894696979071
"176",10.8362265481138,45.3450741711322,30.3133361515937,4.48526385753878,29.2352943166145
"177",11.5282066913006,45.3424170561411,30.0882807742027,4.52516311761313,30.0633206264451
"178",11.4486696553589,45.0501392822822,29.9612657388452,4.54496739181242,29.0265883900373
"179",11.3691326194172,44.7882034816626,29.886887257511,4.57463768772518,29.9473587311061
"180",11.4320881444378,44.7763095856459,29.7073591834303,4.58424923219515,30.7282395036738
"181",10.8436434686885,43.915472247776,29.7493536583865,4.59380053961767,31.4324310848046
"182",10.0854967378005,43.6150213855355,29.5727148905298,4.58336638177831,30.2080345124188
"183",10.1103150612429,42.9354107417507,29.3933685644519,4.59286861052895,31.044907918021
"184",9.86836875263301,43.9246444902069,29.7980572956029,4.58238180995929,30.8484760078731
"185",10.237307273061,43.9239056396468,30.0404457999502,4.58186587447502,31.3098815581491
"186",9.83892149085939,43.2939466362439,30.0712697876576,4.58131883093866,31.8124245453353
"187",9.8660308677032,43.9332494980495,30.0900330006432,4.59070034336344,32.5385785783218
"188",9.03092113708293,42.0448376080806,30.2181775844377,4.55019926581311,31.0597054867348
"189",8.87140932313114,42.5358669365425,30.5084181637287,4.52973719421261,31.0444480147873
"190",8.53243480359529,42.5269358232302,29.7972882390882,4.48938884918095,30.6804407354746
"191",8.97384353357282,41.5392161060202,30.4075217661622,4.45911465463152,30.3976950058315
"192",9.04545890900508,42.52035448359,29.9458594533689,4.46876058641779,30.7167454549861
"193",9.02305112977975,41.5327063286749,29.9549070429975,4.46836353432558,30.8519003306259
"194",8.97299391055482,40.2965715036822,30.4932237326237,4.43803671151376,31.1730509033212
"195",8.8929019963651,40.2904819662277,30.514337997169,4.34800833136538,31.0452010765077
"196",8.52882632400152,41.5429342760815,30.1549088187423,4.34793409042332,31.3401939966863
"197",8.08604365069655,41.7651613126713,30.3247602335609,4.16850209460224,32.4162997207434
"198",8.32396602729292,40.0095308031691,30.5051422730984,4.03952329677028,33.2765259366774
"199",8.86418136725701,39.9739892349813,31.4752100413399,4.02058091972025,32.5019926125996
"200",9.63229388460901,40.5677864057009,30.1933960560573,3.83232915417347,33.3551890306324
"201",9.38240647972485,42.5792277977371,28.9115820707747,3.84400980845588,32.4776953935117
"202",9.36980034703763,46.0765342845152,29.3025404038117,3.91539984676127,32.9195819010741
"203",9.40246308379375,46.9728126752273,29.5602147707425,3.93669580453571,32.6635476202618
"204",9.79982545678186,47.5584314686295,29.8637234547147,4.16709951654358,32.7117113170293
"205",10.0350721759462,47.763842309033,29.2649228870441,4.34680374613648,32.2147517763824
"206",10.285233041757,50.0565446877722,30.5546881835337,4.15722238573533,32.1083951760166
"207",10.7237589502524,49.5498811959602,31.5956236351424,4.17755391489941,31.9365197488713
"208",10.788965542688,49.4933097703606,30.9051425312059,4.37711121168405,31.5645530671888
"209",10.7812686392744,49.3258803903203,30.7454546901756,4.44638975346097,31.5689308254415
"210",10.3798131933661,49.1559967285895,30.0830039697808,4.15676356077569,30.8286694630476
"211",9.98247588130028,48.983748194663,29.5491637824209,4.19697201517087,30.7601270560536
"212",9.49182292593249,48.8092242251638,28.8601849419858,4.12743659653751,30.0327817913831
"213",9.33918382559401,48.7136521991867,29.252423901779,4.04819732549508,31.7073504252473
"214",9.33117187975069,48.7080899672097,30.1578601940395,4.03898940420593,30.3712089080015
"215",9.13379910399764,48.7025341185713,29.9935910712584,4.04973937412631,29.8890057799899
"216",8.64815337302813,48.6969812474287,29.9617324097624,3.94090902999273,27.9499857933766
"217",8.34755159412534,46.9934596188938,29.9855307613918,4.14131728474163,26.777138854154
"218",8.24859411185059,46.8401140826699,29.4423350593618,4.22142462625812,26.1661810882087
"219",8.14462207640052,37.9973399004086,29.9942734770888,4.28130795281791,26.048387411333
"220",8.66209498811276,40.7912274834526,30.0358037869017,4.24134925701695,26.5820738956866
"221",8.86194299318785,43.9013977603768,29.835724831096,4.30116625801806,27.3142103447265
"222",8.48771248781684,43.801688188515,29.7171432502441,4.30098771924234,27.6805428250759
"223",8.40520583560763,43.801979405232,29.8186866225348,4.26096593340844,27.417906209541
"224",8.25981259847821,43.602108361191,29.2442147216134,4.28087135391858,27.772220824823
"225",8.16019894741784,43.4026789788359,29.0650839038385,4.33058888742396,28.3355283953023
"226",7.70560781251951,43.203792282729,29.6105374941994,4.24065286798376,27.9100533788022
"227",7.83018076618834,43.00554932428,29.5566788409661,4.24071934536405,28.2556010434592
"228",7.89082208483535,42.9069250616106,29.4610451835409,4.27067384215998,27.6175790342968
"229",8.03932469108781,44.5063923494915,28.639938159182,4.34036320882946,27.5730315951654
"230",7.96315034829296,43.6968316083061,28.8984516695301,4.38986274515019,27.7956544355836
"231",7.5299726063479,43.4975138182027,28.9972174805058,4.42920878103495,27.0385387868928
"232",7.56610708739853,43.3432129232725,28.6046298141205,4.36878125427166,26.2262091981269
"233",7.82704229702181,43.1894474977089,28.6747933903752,4.37831082267178,26.6266168905484
"234",8.22670486557353,43.2304667998902,29.4029375348707,4.34794866264252,26.8339037891902
"235",7.95898977446306,43.3611643940818,29.0295150744716,4.32765514526338,25.9358334905272
"236",7.53600881761028,43.4920581262216,28.3737805791182,4.1779263184506,24.0708729003092
"237",7.12530083591919,43.4926437070482,28.3694713796137,4.14830429271512,23.7532964084491
"238",6.7390389778744,43.4935223268839,28.988696813855,4.14867578193704,23.7218920361125
"239",5.69932734936145,43.4942660857331,29.0614200048905,4.07930991399561,18.8529951493682
"240",5.18540210097555,44.9332973403884,29.0583311461335,3.96040033345809,18.5539902374952
"241",5.03363434376351,44.5128388826488,28.9594380520781,3.99137755231092,17.8733874272366
"242",5.08696040535584,44.0129858948723,28.1893932023764,4.09197760065781,18.2030439932039
"243",5.15054131672614,43.014335844877,28.1718240638923,4.17227926107657,18.083204319946
"244",5.16522059324587,45.0133039184475,28.7930169632647,4.11281910155432,17.5253727514069
"245",5.36774598069301,45.0011637867786,27.6659220054779,4.17314026008996,18.1202587154372
"246",3.9458238735866,44.9886016198935,27.1393888776487,4.25316747715826,15.9131206788453
"247",3.61230764136885,44.9756259057414,27.0416857994205,4.27313032012811,15.4146574713196
"248",3.17846247386064,44.962245135301,26.7404439193512,4.34283742749639,15.3000302863214
"249",4.06807528683673,44.9484678025212,27.7162666348146,4.35251714240829,15.9547687673212
"250",3.97226190687401,44.9777239631675,27.6767933908446,4.37212999608935,14.8486609409112
"251",4.73299686207204,45.0065268924698,28.3082454249712,4.35182748346198,17.2838851493717
"252",5.17201640388222,44.9693313958924,29.1669560765927,4.37145547208036,17.8948585012367
"253",5.08170390274171,44.9317674135288,29.3384507500741,4.38105078310865,18.1865367532654
"254",4.78252236469243,44.8938544995709,29.9327035799506,4.3507648443794,16.8442316162078
"255",4.14184539645037,45.0028822549922,31.1066874523521,4.35048183071182,16.5727611539771
"256",5.25745152456219,44.0031071343402,29.3263930224389,4.32031539139197,17.9841675928758
"257",5.61174665431119,44.7923897050885,29.5089032266098,4.38988245109085,18.3091462301042
"258",5.59220989631042,44.8016619831128,29.987653107044,4.32967852451738,17.9049422406782
"259",6.09356334108549,44.7909474317129,29.9131455049361,4.32947336849692,17.9050080741709
"260",6.08838450437718,44.8002217114904,28.803140887786,4.32926619843326,16.8789553580204
"261",6.06945336477218,45.1493292396276,29.0523801331012,4.30913270978778,16.5451361668028
"262",6.24807170833654,45.4975155760348,29.5556392881719,4.31895766040798,17.3470582344488
"263",6.90013346525706,44.9965498879824,29.9456715518899,4.25900808799742,18.7050845588609
"264",7.11111553081181,45.195343356398,29.6401739396289,4.26901647825044,21.1951489825392
"265",8.46434781838715,44.9943733553739,29.7685875755525,4.23913583877483,21.2340935278657
"266",8.80182848073247,44.9834121568625,29.8675802120918,4.23925189441139,22.3339641341464
"267",8.81057454292611,46.1910011524391,30.9014848482703,4.33898265020145,23.7679199278544
"268",7.47953026891631,46.1896197245132,30.9538676466639,4.35863302749105,25.1022551707362
"269",8.05837760931007,46.1871972375873,31.5287922046526,4.34831642082743,23.7778232903259
"270",7.95620520334355,46.1837310165446,31.8167260587498,4.26829932654419,23.0643927214761
"271",7.54100235050039,46.1790041457681,31.8042963824779,4.26827572822579,24.150913182673
"272",7.97152790071201,46.1732285505113,31.5405009864265,4.17858973054351,23.9174836373988
"273",8.06078879663167,46.166401658875,31.0654982601135,4.2087836078035,24.2706833990909
"274",7.77797456014545,46.1739259772853,30.6058029271932,4.27870512594744,23.2874448921159
"275",7.33926023005611,45.972154800297,30.5517281052187,4.24873642363073,22.8880555005186
"276",7.29847557527423,45.769643998843,30.5532824358415,4.25872464502766,23.116329805614
"277",7.66459753058658,46.0972021240906,30.4263554938957,4.32844028181201,23.8484395086223
"278",7.23380868042484,44.9660913664397,30.3202842653351,4.32814995362883,23.800655350574
"279",7.22381234523254,43.9561672479303,30.1957736132889,4.3278525501505,23.8495325805858
"280",5.88393876044088,45.963820273367,30.8650349467808,4.33750869011067,19.6091692620087
"281",6.26255401586097,45.4627225988605,30.3815813324145,4.41684935129483,21.0992813141046
"282",6.00918950353018,44.9614453015272,28.6583362233823,4.41617796317586,20.434791479737
"283",6.19249259367642,44.460229830482,28.7810257635047,4.43541547034502,20.8813096719246
"284",6.241490465952,43.5605742836073,29.5373104592486,4.34497963941438,20.7538843352893
"285",6.48958443048626,42.6621401280315,30.0617376052742,4.34452460867694,22.3899304653313
"286",7.31586777428379,42.8633583299425,30.5124083234333,4.3639721501585,23.3530672495631
"287",7.18976075567416,43.963239167436,30.5700460682389,4.2637790776039,23.8683765689226
"288",7.39907594710849,43.9630975650064,30.6724262278614,4.16394465262878,24.316831898031
"289",7.74852124342646,43.9229812457664,31.4174658433586,4.15412531353585,23.8700382797998
"290",8.04822812428719,43.6531650029718,31.1549712009298,4.14432175124252,23.4756277568751
"291",7.78574254124058,41.7256327253363,31.4221609113103,4.12457296088285,23.5346766930126
"292",8.02466488028198,42.8567282585162,31.3594398437294,4.08495639094006,23.2613847684275
"293",8.42826774022474,42.8939988098823,30.625578616703,4.08532053227929,23.1370940584052
"294",8.68819208490064,42.931641624307,30.2311625497663,4.0856667775183,23.5714781751682
"295",8.00924536090411,42.9696315612339,30.8595681720189,4.22546103651258,23.4440098169404
"296",8.56133349047264,42.9705167427806,30.1057053458763,4.14554388778971,23.6539046431023
"297",8.68068022999289,41.9725787422391,29.5626608476398,4.16553320940467,24.1936158402442
"298",8.92366111144154,43.4728307322605,28.3046001315075,4.22527598499897,24.3248640340897
"299",8.78924414361562,42.6440579714158,28.4152280189161,4.14530664516735,24.8547702890212
"300",9.51063502730485,44.8726039229364,29.1219260099933,4.11543408776593,27.2117201653145
"301",9.31161945050582,44.261862552053,30.1444281996704,4.19523811750418,27.5890694230296
"302",9.48382185192634,44.4708532117559,31.6283767120141,4.16513866759626,27.9492808628896
"303",9.66050333010323,44.0103760730448,30.5573216121166,4.22479116278673,28.3075264820306
"304",9.9951309079014,44.2595821639126,31.0020165682382,4.2144619812427,28.5379196033847
"305",9.38833717728905,44.2288057126166,30.9864194388432,4.32369093748565,27.9511127437406
"306",9.26605326538624,42.9595281556858,31.056815431223,4.25316347258592,28.9289000953219
"307",9.65813020025932,42.7604707395817,31.021596945736,4.30241864275253,29.8773994152791
"308",9.44224633476012,42.7514069045564,30.6528174977802,4.27175955050756,29.2538161892781
"309",9.54034040002795,42.832229662453,30.8645064088017,4.24118367522653,31.1063707186769
"310",9.6228436174325,42.7731068591607,31.1498066350873,4.22065057065889,32.0305840926654
"311",10.3777132479099,42.7639792561066,31.9313643188459,4.13042590516625,33.0463456996775
"312",10.382182145156,42.8447398247991,31.7953435898794,3.92096774610114,31.6968586022945
"313",10.823011901849,42.9653412539686,33.0975469238722,3.90155153195265,33.7593756243244
"314",10.9010669461946,42.9759154130733,34.5577643953009,4.03160583714371,34.3916141953449
"315",10.7853868740875,44.4746819578781,36.5657447606491,4.11132208875866,35.906872798078
"316",11.1562882938962,44.4734332985138,38.3964573557017,4.11100515267395,36.5298172614897
"317",11.3426817530718,44.4721686657888,39.0836613361245,4.25011840248238,38.6243978107979
"318",10.9024203299119,44.4908633786724,39.8390070227879,4.21930859286794,36.7788453963653
"319",11.3669975552877,44.9589788455038,39.1437287708277,4.20849613904435,37.0527484360066
"320",10.8429082508708,44.9570757665892,38.9053698908802,4.18771617775301,36.8559473480315
"321",11.4941146957255,45.8640654308542,37.5811874737485,4.17692748223926,37.1355381790192
"322",12.3704390317815,46.4403406868204,38.3802881421594,4.11631825562567,40.0148291979018
"323",12.6516765957766,46.2967599186161,37.9312273315486,4.0558861679933,40.4200539951882
"324",12.3894167908798,46.0534403872546,38.5054075007162,3.94582078627161,41.5963457027855
"325",12.3231818406987,46.4096629101514,38.6412428977511,3.93573942161507,41.1249450766605
"326",12.4014913021673,45.9364172239014,39.2179082177166,3.93560351897361,39.6229054758098
"327",12.1370104532285,45.413760925784,40.7316085056446,3.86568026576313,39.8140986779149
"328",11.4680082535134,45.640795878165,40.0348401623033,3.79596995549313,36.7612506000091
"329",11.9784705383185,45.6377952115265,39.0902256343885,3.79620598888922,33.8477763993192
"330",12.2703356983254,45.3251275623121,38.4504098732315,3.7465804880349,34.4121634077796
"331",12.3796690106266,45.2325282609218,40.2524619627112,3.74690366576,33.7463110808864
"332",12.9456587785211,45.3297686088897,39.9790163648561,3.69736797742176,32.8653943999151
"333",12.2587421781012,44.8275640032967,38.9669661685359,3.70774573544785,25.2456310293714
"334",12.6985121249452,42.9275860521228,39.2094713354034,3.70807662841159,23.10245497143
"335",11.9209485165914,43.736595385784,40.2696814521422,3.69840016565609,22.6201854977224
"336",11.3615754143628,43.3311179222467,40.0130798435679,3.69867934063327,21.4833066842074
"337",11.2132708395202,42.9259304749486,40.0150269181735,3.75868575773628,23.5035619241737
"338",11.7134557140048,42.9157835530987,40.2881248309199,3.79849592926672,24.3939292324065
"339",11.6192492357727,43.8944196146435,40.0110184247609,3.80822386088699,24.8983211846115
"340",12.3393766311222,43.0290722632349,39.9791184707392,3.78798324374219,24.6143288636231
"341",12.1700122487599,42.1646534713969,39.9859571926946,3.81758193821877,23.2554808225828
"342",12.5966713855452,42.1552290151333,40.0757972159886,3.83705665344873,23.774661175427
"343",12.8964784671576,40.9172400195467,40.1828795807525,3.88629064889918,27.5481679319064
"344",13.1030777001635,40.419802902479,41.6475145365132,3.86554870223181,29.0871813778245
"345",13.2831351128537,42.6796205764682,40.6810126436703,3.8249044637148,29.0384668661881
"346",13.4390440250326,40.1024779798636,40.6716386606946,3.82420249400989,28.929377700101
"347",12.9417135638466,39.7956630790633,40.9762090501059,3.81347835239262,27.3901590316291
"348",12.8195243132125,40.9274567614565,39.3589812942356,3.81269102558442,26.6295442278581
"349",12.9395283711036,40.4397965626228,40.2390986549575,3.81183750254209,28.0385299615415
"350",12.9684048888005,40.182408855736,39.0866733460299,3.63160290890318,28.6741123389948
"351",12.6925750976764,40.4346856321158,39.1869081495445,3.54164215257018,28.9368582862299
"352",12.7027418798533,40.2072020011295,38.2112755695845,3.48184065198596,29.023804935211
"353",12.0053877380497,40.1897084327067,38.0650255807487,3.4221991662893,29.4334133541398
"354",11.8363373543813,40.1921825311596,37.8663001033176,3.3826425788179,27.9849169595632
"355",12.2768629243516,40.1546735925236,38.9178189795875,3.36309609759324,24.7862078830044
"356",11.7231097055524,40.056628945321,39.9349422317588,3.33359970092712,24.2352540155062
"357",11.686070112454,39.9599284530968,40.057644588044,3.36392585151382,23.393385417726
"358",12.0390349046052,39.0436745808075,40.0800990624396,3.34426701607995,24.2791881501509
"359",11.8217526287104,38.927539810324,40.1476389488476,3.37443327997097,23.7212601069949
"360",12.3147300380659,39.7903552418474,40.6974062613055,3.38450176680458,24.7385004159655
"361",12.6833003959412,39.9729355348474,40.3039772138236,3.38451098238108,25.6977734553901
"362",12.6177497768263,39.9655093682542,39.7865637424143,3.36453744970448,25.1118034269622
"363",12.9288499516204,39.9724251066821,40.0680362514812,3.32465775775619,26.1399880089301
"364",13.0788555705737,39.9805907822788,39.9281781923903,3.25498709828103,27.2169484690436
"365",12.901255863292,39.983106621777,39.1737376545986,3.16560321856503,26.6894684588422
"366",13.8717563130069,40.0854906258681,39.0704445899945,3.1462407677309,26.8910398384776
"367",14.0519650010558,40.787027190518,38.94974977976,3.15678745237388,26.4993056244179
"368",14.2009338655105,40.7785659786325,38.7424326324158,3.03774253366877,25.389826220673
"369",14.1089337278552,40.779660846311,38.9836457912156,3.11834478661608,25.7526257745263
"370",14.5679976163416,40.7816184739907,38.6456647032102,3.1687112461049,25.6359195508379
"371",14.7470637849817,40.6256759650416,37.806280014421,3.16903453301874,25.2760544937408
"372",14.9823805632897,40.4708670500631,38.4759037932553,3.14939237149228,23.9651573665423
"373",14.7869182408092,40.3172718643232,38.5162243783933,3.1297861300387,21.6388542555883
"374",14.5582668353652,40.5989988394265,38.1882108465067,3.1401025829033,23.5853107406553
"375",13.6439779331068,40.3311306295049,37.3105497189912,3.15034294032464,20.2220298098323
"376",14.5748695852585,40.0646967127898,37.9695320960291,3.13062285316289,22.0769284696805
"377",14.0948976081474,39.7998353385716,38.0226949371977,3.18067568475303,21.6083954449675
"378",14.9982089794341,39.5366847857019,37.8141269387677,3.18069285654378,21.791919039862
"379",14.3380597887141,39.275383362479,37.8708847937035,3.2105597025666,21.445224676901
"380",14.5260333848359,39.0160694065541,38.5603253978873,3.19046693298926,21.5230665216615
"381",14.4771865664145,38.9198386342006,39.1668692689093,3.21026121750469,21.153028670523
"382",14.9482574148734,39.0135093068049,40.4448295276786,3.23990352549703,23.9201758300234
"383",14.4414943054223,39.0271792520696,41.0218100321944,3.2395072206534,23.8793514950834
"384",14.4257910974614,39.030862610867,41.2666087451071,3.23907078735029,23.8416295959106
"385",14.6217161822791,38.778875552948,42.7636494504591,3.24855431261739,25.4055889531619
"386",14.6926566198096,38.5291938839161,42.2576018429397,3.26791757737486,25.9851110898736
"387",14.9696194809884,39.0429311575456,42.8807768398222,3.29711990262003,26.2634627796756
"388",15.1592528314896,38.7969900063059,43.4239769952891,3.27634945713538,26.1223685109811
"389",15.3713311809409,38.0519703094246,43.131232437405,2.90694183024005,26.9184206562018
"390",15.1922581154959,37.8971696781559,43.2145265653051,2.9373695321968,25.4981138780405
"391",15.6611440825065,37.9123880030069,44.148244877564,2.88794014974421,25.427215859192
"392",15.2308441918735,37.898435829859,45.5681124006659,2.8386558651452,25.2061764098127
"393",15.2228171553683,37.8870919517985,44.3665420609801,2.83932819617293,24.042853053021
"394",14.9272696576131,37.8783854501066,45.0640174513985,2.82999795796216,24.5690008697528
"395",14.6131823259432,37.9237708899822,45.7024923837848,2.81070595582189,22.9204233431519
"396",14.9022083935496,37.9791433893095,44.2656665247755,2.79145489741065,23.5045278123662
"397",14.878337002011,37.9382908117673,43.8160901388703,2.77224764697166,24.4631645461953
"398",15.0471643663855,37.9002046898584,44.9390168130108,2.76304899240678,24.9809553948099
"399",15.4014939546792,37.8495287393693,45.1938947211217,2.75386199837189,24.1818251947888
"400",15.4965163075888,37.8017435441936,46.554001431098,2.7546515302372,24.2808554212923
"401",15.5832807393468,37.4580567588168,47.1430451190043,2.75542060747891,24.4909032332491
"402",15.5685947913728,37.8140188066458,48.1845833427139,2.83586622030642,24.097843259361
"403",15.5906088678308,37.6103026229289,47.5526954047217,2.85621953619637,23.5996613397738
"404",15.1079885021295,37.5267684764529,47.1121443917429,2.85655839412589,23.126814952198
"405",14.0115004722695,37.8329541107361,46.9888110212253,2.84692233389924,22.4750598062747
"406",13.9899369288601,37.6094967219998,46.9669499388657,2.85723625960322,22.2360104749253
"407",14.519570849484,36.6273084121116,46.9050684937293,2.95715717689112,23.1954389192611
"408",14.7097304891021,35.1569791188068,46.4026481034325,2.92718195376056,23.877220515921
"409",14.7338156283753,35.1267932070656,45.8970878852181,2.89731068496791,22.9740825331964
"410",14.8454929096421,35.1067446195728,46.1290825508526,2.90739088731106,20.978413239216
"411",15.2397406531903,35.0269110412618,46.0759657358131,2.89749935527498,21.7887458450364
"412",15.3015925956324,35.2069878340667,46.041181982104,2.82786596696354,20.4060536522153
"413",14.6497005146097,34.907554766157,45.7995985428279,2.75849212444208,18.7898251527638
"414",13.9138569107773,35.2704558361172,45.4056903734782,2.83880656417905,17.2106866871239
"415",13.8926201205969,35.6378027140378,45.0117822041285,2.84907819587434,17.8831266259046
"416",13.3672179738894,38.234822266916,45.5152592778114,2.83938454611303,18.111999685699
"417",13.029552746958,38.3518537624986,45.6441557624282,2.77991800589754,17.8164415792523
"418",13.2687561317806,37.8028296584782,45.1324351800661,2.74060412762497,18.0327392568495
"419",12.1757389389459,37.2583561836117,44.620714597704,2.43247812005227,17.0601180031207
"420",12.3760182686258,38.2759640156603,45.064192866383,2.79298481009052,16.8631565882512
"421",11.838612035157,38.7764108698876,45.5145295588934,2.72377062236099,15.50722211334
"422",13.0060746897499,39.2798973915125,45.585562663611,2.75445612331425,14.7191511257827
"423",13.0213412576006,40.1957335102765,45.7370435380081,2.74519691009211,13.2022488039904
"424",13.2711702318147,39.9021025007283,45.331321583636,2.7858045963504,14.0490155427098
"425",13.414942181592,40.3081714530321,45.9494506418612,2.83624326223711,13.439665952794
"426",12.7761705341711,41.3132270250156,45.8965094299664,2.90643809762071,12.8559829049932
"427",13.2402557417309,41.3184676181874,45.477079055568,3.01623687210711,13.4687993354534
"428",12.6847509934691,42.3227012007286,46.8307229618455,3.0559065232922,13.3275415003308
"429",12.7560652616336,42.3271256671893,46.9390196957792,3.04563700719417,12.3419526671347
"430",12.7169466920587,42.3317435814933,46.1792863219789,3.05535080531878,12.2636711170099
"431",13.1877463267914,42.3365576250966,46.1066133576007,3.02519979863921,12.4984491295459
"432",13.4097591733227,42.3315825495783,46.2506356939083,3.02506867800718,14.1066920792677
"433",14.0921870202166,42.2968571331614,47.4787932561865,3.00503342972661,14.0920971526888
"434",13.6687876672582,42.3522768836539,48.0963492500219,2.9651704067545,13.5600648636365
"435",14.0821673778642,42.3579047417302,49.317232351496,2.85574784010447,13.7998793570901
"436",14.4310573444088,45.6098599303424,52.1180113167977,2.98585008498458,14.0806733491147
"437",13.8354594163374,43.8541320647125,51.9730804983423,2.97601294673958,13.7418640779015
"438",13.312604485884,44.3480340206836,51.1805731237364,2.99612231657587,12.8688930195686
"439",13.4104612199091,44.3022135540489,51.0834547942944,2.99625510052624,12.6836823522406
"440",13.5811361356947,45.8747369881818,51.0531413593747,2.97648829416812,12.0947812908095
"441",13.6026464367584,45.8674945088298,50.958157089226,2.96678454544443,12.6161571431718
"442",13.6213234138808,45.8804637366908,50.1837302191487,2.94718323121505,12.1938665984627
"443",13.2485251964908,45.3842558306815,50.1251262314901,2.98745641292877,12.0986625082305
"444",13.1179571081841,45.2373201236432,50.4030394069459,3.00768162309857,11.9571221785697
"445",13.2059376772894,45.0930634303396,52.8162220340874,2.96808918629578,11.6587183077326
"446",12.1776968747229,45.0167073126681,53.5665846892254,2.96852768568004,11.3179821250494
"447",12.6494303492821,44.9432665762878,57.5107396613397,3.01880757884288,10.1645322418559
"448",12.6924601144219,44.9088186497244,57.9443318529828,3.0191211556046,10.1034886116842
"449",12.1829682146116,44.9046240116431,57.8678937661285,3.02943137132435,8.1897403193776
"450",11.0587629400785,45.1204231217241,56.4630734182966,3.01981590014752,6.30699478910672
"451",11.8124622175158,45.4161238243829,55.0582530704647,3.03019972490141,6.41091325138193
"452",11.5551787405001,46.2311080861282,56.7932998585204,3.13024011856041,5.9124427850902
"453",11.9008591990811,46.53598856478,56.7171662533992,3.10043440604613,7.07400446472566
"454",11.8357130885518,46.4898251325151,56.2787946791586,3.12059211098908,7.13743298199279
"455",10.9367871000057,46.4467063863155,55.8404231049179,3.19052261711391,8.50141214408037
"456",11.041361531885,46.4524885135222,53.8958694419653,3.03110526789015,7.86368843457674
"457",11.8815785395065,46.4485497796376,55.6582670356676,3.0317303895197,8.25782306803795
"458",11.8824068238507,47.4636747081481,55.8358041644053,2.99255334823041,8.54538691499925
"459",10.7031981960306,47.4676599376759,55.5775638685904,3.01334782805541,8.5515723165068
"460",9.66921577233104,47.4747514197986,55.3193235727756,3.05404037963373,6.56754811734993
"461",9.61491726027888,46.7298825213639,54.0655729003603,3.06474838319145,6.60989231899771
"462",8.65197752229845,45.9896396114282,52.698165651213,3.04558927804903,5.97658996121548
"463",9.40914246104893,45.4964011568572,52.1400125024164,3.01660452399473,5.86579062646703
"464",9.55885770577867,45.0083724638324,51.1733197799398,3.01768327208281,5.50258141082302
"465",9.1726253786001,44.766307677517,53.0556700572441,3.04871491622439,3.9391269251822
"466",8.32413313220828,44.5297975112112,54.8249925915047,3.12951218242671,5.2328853145974
"467",8.28513483708287,44.0417201521414,54.9882613009607,3.22003987586503,3.91309294087388
"468",8.93064281043498,44.5533640996682,54.9905501783858,3.22064420956423,3.58242889337769
"469",8.6560687728141,45.3743659757295,54.992839055811,3.17151871413108,3.47568788813547
"470",7.18736574270817,43.3381505770691,54.9951279332361,3.07285795341059,3.10916494985639
"471",7.28820583923518,43.591988651435,54.9974168106612,3.07428461037294,2.7323587799013
"472",7.40953200380672,43.9325859267904,54.8979835504765,3.07580414110789,3.2920007642493
"473",7.56494081457817,44.2795397683514,54.7985502902918,3.11726938137038,4.76240126969564
"474",8.48014032476703,43.644436862618,54.8636253096087,3.16864769092764,3.58451807250343
"475",7.82901731727497,45.6473297168259,54.8671617906436,3.19005907261036,4.21558054538925
"476",8.52448163203204,45.1612024944523,54.8320490884789,3.23143243632961,4.57915864049278
"477",9.12687002993415,45.1754657461259,54.5310253855592,3.26281127824118,4.21444462400463
"478",9.6940596142396,44.1913230817038,52.6629942329992,3.8819444826488,4.21829364010691
"479",9.94214968775685,44.7083904257584,52.6710460140164,3.91108512351254,4.14933805780828
"480",11.0004238512916,45.2324653904791,56.549000723631,3.81072708475023,4.08252071134248
"481",11.087802167199,48.7341976562735,58.7821201219819,3.83041007052216,4.24621486164035
"482",11.5540152352384,48.2469627192496,58.8728057848987,3.8102858439631,4.1879403867095
"483",11.4074750422009,46.7619630829693,58.9634914478154,3.7903539299825,4.03151339867945
"484",11.8345642409214,49.2744267779837,58.3445368307146,3.76065283284776,4.03331756801704
"485",12.1720211776745,51.0352583864973,58.1877316347896,3.77103072015923,3.60525602702965
"486",12.2304625782149,51.2962575506823,58.1254125565463,3.77152728098464,3.60398024151561
"487",11.6947987692228,50.8083271681369,58.0778461679204,3.79206792660518,3.22038928995543
"488",11.4961418125985,50.5711754319465,58.0607836617852,3.80269296853952,2.9143683832076
"489",11.3569881444536,50.5845110981034,57.9637904683905,3.80344304107057,2.25388365613805
"490",11.479363170314,50.3386528071792,57.2238158959068,3.84416803724654,2.63926551518052
"491",11.3786653018012,50.3532981505757,57.5238364065494,3.93467951033389,2.30402412155307
"492",11.2342342713824,50.3684558428559,58.0225788092742,3.83570605012503,2.30717234859448
"493",11.4449645456155,49.8847324604396,57.9352210809879,3.81694563146605,2.87461316308107
"494",10.7907109931992,49.901539991515,57.6672061425656,3.86813528783664,3.10515448754908
"495",10.8449814976683,49.8289960301236,58.0080644231583,3.79973849550491,3.03763939198832
"496",11.0771311148376,48.9480790060751,57.9924980067336,3.90111123979825,2.85037372206841
"497",11.9519455831615,48.9677244445117,57.519755544879,4.27122618586222,2.73956101365696
"498",12.2527895073289,48.9879441153424,57.3487692643428,4.23165177237706,2.64688487506563
"499",13.6822929568182,50.0075550395287,57.9909438816555,4.25216016367045,2.3803173364773
"500",14.1354440588258,52.0253742097913,58.4247777431521,4.25282979178807,2.9037129242946
"501",15.2443054735895,52.0438031618211,60.3578968417038,4.26362497376759,3.02561183453457
"502",15.1272188129004,52.8618968313497,60.8979300513974,4.26458699457349,2.88227153885032
"503",14.9061002910987,53.0803833633538,60.6276041239181,4.31552831394636,3.66911936222335
"504",14.9928716873542,53.0995128941678,60.0625978141552,4.27679672677715,3.72485663763491
"505",14.2107883441818,54.1181017648938,59.4294026524092,4.33801464516821,2.74360894166713
"506",14.0153947777418,54.6367589794791,59.225126695382,4.27964565347257,2.78851552606583
"507",14.6820884347924,54.1566909581853,60.0046062448434,4.2715047698986,2.77653907545423
"508",14.7390802457387,55.176116807239,59.7580432041804,4.32336964114857,2.56585816114362
"509",14.9780676062205,58.1926582929649,59.672706402498,4.46490320429333,2.82516950582513
"510",15.3151511203642,60.2075214028402,59.5846071050527,4.75553766607265,2.78750207610806
"511",16.2123609393167,60.7225082957418,59.7002179327751,4.75638452543591,3.33778703427804
"512",15.7608760884151,61.9867317121906,60.8325365546835,4.72756175274202,3.06135943370241
"513",15.1910724775296,61.2525907070736,60.4076285475847,4.73892087464481,2.93211513891452
"514",14.8029405886661,59.2715883195785,59.0409628959027,4.81023762567349,3.00428024199061
"515",15.257962483537,64.2853695137071,58.631103168955,4.87155528547494,2.71565689753394
"516",15.8483846123863,66.2875414262837,58.4669983885177,5.62024006556831,2.88258401802723
"517",15.5496476725014,66.2105977186282,58.3279103626637,5.53946117808621,2.56700909771571
"518",17.1240102114487,66.5340680270382,58.4139123126368,5.67837427889967,2.80401259768253
"519",15.6676075157314,68.0565263025318,59.8641510593381,5.64762535724528,2.66102266825214
"520",15.4156502996931,67.8400598840739,59.8323363558272,5.56740276835626,2.64105123269341
"521",15.8696870558193,69.762119182575,59.5364699473617,5.70686429560534,2.74614795005032
"522",16.3225837443669,69.7749946000402,59.0033058992021,5.74639031846423,3.34203090755168
"523",16.4365436912316,69.7886937374986,58.0829183052755,5.87563482934004,2.69816689439154
"524",18.1274647715178,70.4025076432889,57.2905867934315,5.92490088998958,2.68995971375664
"525",18.5573920588825,91.5219093231457,57.2584563359393,5.91441515682428,2.72849807370175
"526",18.0150981922775,96.3863196811225,58.4258025976179,5.82448172325243,2.70890109352276
"527",17.5304892465073,91.3975142317775,58.6395730212207,5.93433596624895,2.66008770823845
"528",16.9531218028077,91.2596893249054,59.3480888707905,5.95432152330292,2.66720418626265
"529",16.2676785109375,89.0053734427048,59.8297853252391,6.26332926665757,2.52334163553318
"530",16.5395227174773,90.3302844238972,61.1312189827424,6.29242623017978,1.95134035389581
"531",16.2614549457372,87.6591997313968,62.8086042426986,6.30168544806777,1.52515329479408
"532",16.6812375721449,83.8135277194993,62.7091409584964,6.34098935564318,1.51838037644611
"533",16.0806728208097,84.1582619753745,63.295797239885,6.35045002241863,1.44502667903969
"534",16.270413364301,85.362377473975,64.0291430855902,6.37002714189456,1.78200173109197
"535",16.7394084230299,84.118804889338,64.4777692528372,6.47937490189134,1.59469238533069
"536",16.1951782368726,83.7764718831971,64.3091661400723,6.52872027127042,1.79372433842633
"537",16.0037734867313,86.1421440636402,65.732975054219,6.58802250259025,1.59207864198436
"538",16.6068704162771,90.6732321120004,66.1201837360429,6.51777609775326,1.58922348374522
"539",16.674549626942,90.3555342479769,66.8119200037245,6.54759767561129,1.58028522900764
"540",16.2768111157691,88.4209875834683,68.5961040043934,6.54760128544897,1.64145006180092
"541",15.924790382083,86.8491643077421,68.5872570349864,6.53782518495178,1.85630127530557
"542",15.5342506144939,86.4087181825321,67.5048007919838,6.57807901099805,1.8553845292534
"543",15.9164159433315,85.4402880737434,69.2162496480238,6.75782831999642,1.57291814708747
"544",16.7446883010104,91.6652757867844,67.4527983046914,6.76772229916802,1.54948150789688
"545",16.6964612301276,96.5552757867844,68.0172265163168,6.78772229916802,1.53847645383445
